fold,auc_roc,pr_auc,recall,precision,f1,accuracy,mcc,ks_stat,threshold,tp,fp,tn,fn,val_fraud,val_total
1,0.9514932365728483,0.3329211238887067,0.6509090909090909,0.3153258954785672,0.4248417721518987,0.9394166666666667,0.42617593609084364,0.8107482592919486,0.83,537,1166,22009,288,825,24000
2,0.9492195743846229,0.34266294871199726,0.6327272727272727,0.30544177881802226,0.4119968429360695,0.9379166666666666,0.4119617993637643,0.8010238305383937,0.83,522,1187,21988,303,825,24000
3,0.9480963420613905,0.34215710580299064,0.6303030303030303,0.30642309958750735,0.41237113402061853,0.93825,0.41188822012823706,0.795657546337158,0.84,520,1177,21998,305,825,24000
4,0.9499011343205518,0.33570158582983656,0.6351515151515151,0.3132098027495517,0.41953562850280224,0.9395833333333333,0.4189422487838054,0.8064175737962145,0.84,524,1149,22026,301,825,24000
5,0.950613069125853,0.3611346324559449,0.5435835351089588,0.3502340093603744,0.42599620493358636,0.9495833333333333,0.41154341473012246,0.8038269698173477,0.89,449,833,22341,377,826,24000
