fold,auc_roc,pr_auc,accuracy,f1,recall,precision,mcc,ks_stat,tp,fp,tn,fn,val_fraud
1,0.9514932365728483,0.3329211238887067,0.8644166666666667,0.32208333333333333,0.936969696969697,0.19446540880503144,0.39149120848567937,0.8107482592919486,773,3202,19973,52,825
2,0.9492195743846229,0.34266294871199726,0.86525,0.3203026481715006,0.9236363636363636,0.19374523264683446,0.38725974086669424,0.8010238305383937,762,3171,20004,63,825
3,0.9480963420613905,0.34215710580299064,0.8621666666666666,0.3159636062861869,0.926060606060606,0.19047619047619047,0.38380568930264075,0.795657546337158,764,3247,19928,61,825
4,0.9499011343205518,0.33570158582983656,0.868,0.3273885350318471,0.9345454545454546,0.19845559845559846,0.3957920991524914,0.8064175737962145,771,3114,20061,54,825
5,0.950613069125853,0.3611346324559449,0.8640416666666667,0.32091571279916753,0.9334140435835351,0.1937672782106057,0.3896893509774552,0.8038269698173477,771,3208,19966,55,826
